Label,Text
Recommendation,"I would recommend Georges Perec's Life: A User's Manual. It's a lengthy and delightful and bewildering book that chronicles what happens in a single apartment building in Paris on a single day in the 1970s, though there are lots of digressions into the past, and the future, and to other locales. Perec was a member of the OULIPO group, who were a bunch of interesting, often mathematically-minded authors who were determined to discover the fullest possible scope of ""literature under constraint."" Some would write stuff using only certain letters; some would take the same basic plot and rewrite it in a hundred different forms; some (like Perec, in this case) would develop enormous lists of objects, people, and places - and then set them against a rigorous chart based on a ""knight's tour"" (like in Chess) of a hundred-square board - with the firm intention of including all of them in the final work, in a highly specific but also random order. Unlike certain others who would do such things out of spite for the general reader, Perec and his compatriots took as one of their first principles the idea that whatever literature resulted from their plans had to be entertaining. Anyway, it is a long, beautiful, hilarious, sad, unusual book, in which any number of weird and awesome things happen. I recommend it unreservedly to anyone in the entire world. You will not regret it."
Recommendation,"D.H. Lawrence - Lady Chatterly's Lover. Seriously, give this book a read."
Recommendation,This is tough but the book that came to mind immediately is Still Life with Woodpecker by Tom Robbins so I'll go with that.
Recommendation,"Lord of the Rings. I can call it one book because I have a giant hardcover containing FOTR, TTT, and ROTK in one binding. It is the one piece of fiction I will never tire of."
Recommendation,"For years it has been Dune. It has such a good mix of sci-fi, espionage, mystery, religion, politics, etc. and is so intricately woven, it's a real masterpiece. Lately though, I've found that The Time Traveler's Wife is actually the most universally accessible book I've read, while still being one of my favorites. Probably the most ""realistic"" depiction of what a real person's life might be like if he could time travel, takes on the whole timeline thing perfectly, and still manages to be a fantastic story."
Recommendation,"If we're talking just a general recommendation, then as usual, my all time favorite: Alice In Wonderland and Through The Looking Glass. If we're talking the only book that person would ever be allowed to read. Then... hm... either Schopenhauer's Essays and Aphorisms or Dei delitti e delle pene (On Crimes and Punishments) by Cessare Beccaria. If a collection is allowed: then my 9-volume edition of World's Greatest Essays, but it's been out of print since 1901. Or the collected works of Shakespeare are equally enlightening."
Recommendation,"It depends on who are you recommending the book to, but one thing is sure for me: EVERY musician should read ""Silence"" by John Cage."
Recommendation,I was going to say Dune but I already see it on here. Since I don't see it yet I would say the Hobbit. I know it's not the best written book. Though something about a story with an unlikely hero I think will resonate with a lot of people.
Recommendation,"The Bible. Anybody who believes it is a relevant source of contemporary morality obviously hasn't read it, and so I recommend it."
Recommendation,Kite Runner. An intense book to read
Recommendation,I would recommend the book in which I recommend and infinite amount of other books. FUCK YOU AND YOUR RULES GENIE
Recommendation,"These books aren't the defining works in their field, but rather the best introductions to subjects that I found the most helpful.
Either, The Logic of Failure by Dorner, because once read, it is a constant reminder of our predisposition towards certain types of errors or Buddhism Plain And Simple by Hagen because it does the best job of interpreting Zen for the Western mind"
Recommendation,"The Lord of the Rings by J. R. R. Tolkien. Actually, strike that. It would be The Silmarrillion. I find the Sil to be much more lyrical, beautiful, and richer than LOTR. I adore LOTR, but the Sil will always be my favorite."
Recommendation,"You know, there are few books that I would be tempted to recommend as they have fundamentally changed my view of the world and of myself as your (the OP) selection did for you, but when it comes down to it... I've gotta go with The Hitchhiker's Guide to the Galaxy. Because it's awesome."
Recommendation,The Things They Carried by Tim O'Brien. One of the most well told war stories I've ever come across.
Recommendation,"Kissing the Beehive by Jonathan Carroll.
I'd recommend any of his books. I always pick up one of his novels after a period of not reading. His characters are always so fascinating and quirky yet ever so familiar. His plots are always very different to what you'd expect and his writing style is so easy to get into, you'll find yourself thinking like it after reading one of his books.
I've converted many of my non-reader friends into readers thanks to The Land of Laughs by Carroll."
Recommendation,"I'm sure that all the classic big books are covered on this thread. So I'll go with...Tortilla Flat by Steinbeck. Not necessarily my favorite, but it is a very lighthearted (for the most part) and very funny. I'll try and think of some more though..."
Recommendation,"Personally, I recommend The Book of the New Sun by Gene Wolfe to everyone I meet; if they read at all, that is. I'm hoping, someday, to meet someone who enjoyed the books as much as I did.

No luck so far, unfortunately."
Recommendation,"the picture of dorian gray is fantastic, very philosophical

life of pi is also a great adventure with a masterful twist at the end"
Recommendation,"Cryptonomicon by Neal Stephenson. I consider this essential reading, and it blew me away when I read it. Stephenson's work is amazing and very geeky, and it was hard to choose between this and Snowcrash."
Recommendation,Chuck Palahniuk's Survivor would be my recommendation.
Recommendation,The Charioteer by Mary Renault...if I really liked the person to whom I was recommending it.
Recommendation,"For me: The Untethered Soul by Michael Singer - as it helped better myself, by changing the way I see myself and the world."
Recommendation,"Whenever I ask for a horror recommendation and specify no Stephen King, because I've already read a bunch of Stephen King, somebody will recommend the most popular Stephen King novels.

Also, in every horror recommendation thread, somebody will always say the Bible. Bitch, you know that's not what they're asking for.."
Recommendation,That’s a real problem I agree. I would personally recommend the Mistborn books by Brandon Sanderson as the sort of thing you might enjoy.
Recommendation,I have seen someone recommend War and Peace when someone asked for a vacation read.
Recommendation,"Anytime I see people saying they want to start getting into poetry, someone always suggests Eliot's ""The Wasteland"" - great poem, but holy hell a terrible place to begin if you're not already familiar with poetry. I'm never sure what people are thinking."
Recommendation,"Trails in the Sky and Cold Steel games. People on that sub recommend them, and only them, no matter what. Hell, one post the OP literally said ""I just finished Trails in the Sky, followed by Cold Steel"" and the literal top rated comment was...Trails in the Sky and Cold Steel."
Recommendation,"Ahh, I’ve got the perfect book! It’s called We Need to Talk About Kevin. Such a fun and uplifting book about a mom and her son!"
Recommendation,Maybe you should try The Wheel of Time
Recommendation,"“A sophisticated literary novel with experimental writing techniques, you say? Have you heard of a series called ‘Harry Potter’ by one Jimothy Kriminus Rowling? They’re quite similar to JG Ballard’s less conventional work, blended with Tolstoy.”"
Recommendation,"You want me to recommend a swashbuckling adventure novel set in a post-apocalyptic steampunk world?
Best I can do is Paradise Lost by John Milton."
Recommendation,"Oh you're looking for anything to do with history? Read this obscure gem, Song of Achilles! If you feel up to it, you could also try Ken Follett!"
Recommendation,"Not sure if it is exactly what you are looking for, but you should read The Count of Monte Cristo."
Recommendation,"Is someone asking for a recommendation? I heard Project Hail Mary is great. But like, I haven't read it yet it looks kinda big."
Recommendation,Looking for a dark western that is not Cormac mccarthy
Recommendation,It definitely sounds like you would enjoy House of Leaves.
Recommendation,Yeah yeah I hear you but have you ever heard of this unknown totally obscure hidden gem called Malazan
Recommendation,Oh ya you should definitely read mistborn by Brandon Sanderson.
Recommendation,I recommend Maus.
Recommendation,"Hi, I’m looking for the book Disfrutar Vol.2 (2018–2020). Do you have a copy?"
Recommendation,"Name of the Wind by Rothfuss, and its sequel are pretty good. Third one should be out any time now."
Recommendation,Blindsight by Peter Watts and the Bobiverse series by Dennis E Taylor if you're in the scifi subs.
Recommendation,"Iron widow is really good! Though the books plot revolves around a world where patriarchy is very prominent, but the main characte is actively destroying it throughout the book! Theres a romantic polyamorous subplot, and it takes place in a sci-fi type world"
Recommendation,Check out {Piranesi}. I think it’s exactly what you’re asking for
Recommendation,"I hear you loud and clear :) For what you're looking for, I recommend Wheel of Time"
Recommendation,"I'd recommend the Horus Heresy series. It doesn't matter if you don't know anything/care about 40k lore, they're fantastic future sci-fi books on their own merits"
Recommendation,I suggest you to pick A Man Called Ove by Fredrik Backman.
Recommendation,"Martian Chronicles was excellent, by Ray Bradbury. With speculation about colonizing Mars, it will change what you think an unpopulated planet would look like. A really great book……but, no space pirates"
Review,Lonesome Dove. Read it when I was teaching in China. The juxtaposition experienced every time I looked up from the pages made it all the more it's own world.
Review,"Piranesi. I started it late one evening and had to cut myself off after about 30 pages. The next day, I got into bed extra early so that I could finish it. Did so in one go. The book was fantastic. Ethereal, dream-like and mysterious. Also just brief enough where it doesn’t overstay its welcome at any point."
Review,"Summer of Night by Dan Simmons. I’m a big Dan Simmons fan, especially his horror, and this one gripped me from moment one. Imagine Stephen King’s It, but without all the Stephen Kingeyness."
Review,Dune. I finished the OG 3 in a month. Never read anything like it.
Review,Wuthering Heights by Emily Brontë is one of my all time favourites - blew my mind when I first read it. Also The Name of The Rose by Umberto Eco was just an absolute masterpiece!
Review,"Into Thin Air - finished on a single flight to Hawaii. Only book I have ever read, and likely will read, from start to finish in one sitting."
Review,"Harry Potter and da Vinci code were both all night readathons for me, can’t say I love Jk’s politics these days but 14 year old me was enchanted"
Review,11/22/63 was AMAZING! I agree! I’m tearing through The Three Body Problem by Cixin Liu and I’m absolutely obsessed. It helps I’m studying physics right now so it’s all tying together so nicely and the concepts are easier for me to wrap my head around. The last book I went through really quickly was probably The Heretic’s Daughter by Kathleen Kent. I’m pretty much taken by any book based in a different time period.
Review,"What My Bones Know: A Memoir of Healing from Complex Trauma, by Stephanie Foo. This book was such an amazing read. I had to finish it, and at the same time, I didn't want to because then it would be over. She's a journalist who is an absolutely excellent writer. This book is so compelling, a definite must read. I couldn't put it down."
Review,"The Giver. I was assigned it in 8th Grade, and was supposed to read it over several weeks. I didn’t put the book down till it was done."
Review,"The Hitchhiker's Guide to the Galaxy. I read it in a few hours overnight. I couldn't put it down. Also, The Electric Kool-aid Acid Test. That took me a couple days but I was hooked."
Review,"The Kind Worth Killing by Peter Swanson, a gripping and intense psychological thriller. That book sucked me in. I was so absorbed in it that I finished it within a day."
Review,I recently read Jurassic Park for the first time and I fully did not expect to get as hooked as I was. I finished it in just a few hours. It's my favorite new read of the year and if I had known how entertaining it is I would have read it 20 years ago.
Review,The Girl with the Dragon Tattoo. Took like 2 days to read. I've since read all the books.
Review,For me it was Anathem. I’d never read anything quite like it and I couldn’t stop reading it.
Review,"This was about 28 yrs ago but the first book I finished in one sitting was Vonnegut's Galapagos. Picked it up on a whim from the library, and sat down with the book in the kitchen, intending to just read the first chapter or so. Before I realized it was night already and I had read the whole book. Of course now so much time has passed that I don't even remember what the book was about, only that I absolutely loved it. ;)"
Review,"I really like Taylor Jenkins Reid’s writing style. I was immediately immersed right at the beginning of her books and couldn’t put them down. All three books that I’ve read by her (Daisy Jones, Evelyn Hugo, Malibu Rising) I finished in one sitting. It’s been awhile since I’ve been so hooked on a story so it was a nice change."
Review,"Andy Weir's The Martian, and Project Hail Mary were page turner's for sure. I wouldn't say they were amazing pieces of literature, but the puzzle solving nature of both books had me hooked."
Review,"Project Hail Mary was definitely the one I was thinking of. I listened to the audiobook and finished in less than a week, which is unusual for me. Usually I just listen to audiobooks while I'm doing chores but I was listening all the time because I was so engrossed."
Review,"Red Rising series by Pierce Brown. It's kinda like Game of Thrones in space but with 100x the pace and action. It's also a story of revolution against an oppressive ruling class, which I'm always game for. It's also written so well. Just flows. I read it every spare 10min I had."
Review,The Picture of Dorian Gray. I was absolutely flabbergasted how hooked I was 3 pages in. The writing is incredible
Review,"11/22/63 grabbed me but it didn't hold me. I'm a time travel/alt history wonk and a JFK assassination wonk*, so it should be right up my alley. (*: I'm 99% convinced Oswald acted alone). Then the middle of the book turns into a suburban Texas 1960s love story."
Review,"The very first sentence from Gideon the Ninth.In the myriadic year of our Lord- the ten thousandth year of the King Undying, the kindly Prince of Death!- Gideon Nav packed her sword, her shoes, and her dirty magazines, and she escaped from the House of the Ninth. Utter perfection. We're also reassured that these books absolutely will not be boring. Sure, they might be edgy and gothic and tragic just like all the others, but no book mentions dirty magazines in its first sentence while also setting up the plot so adequately without being a little bit special. The next few pages are similarly packed with all sorts of worldbuilding, character development, and so on and so forth. In fact Tamsyn Muir's protagonists never pause to dump exposition at the reader- why would they, you and I would never stop in our kitchen to ruminate on the inner workings and history of the refrigerator. Every crucial detail has to be wrestled out of offhanded comments and vague references to events or sciences the reader is not privy to, so Muir can play with what the reader does and does not know at all times. It's fucking awesome.I don't know how I could go back to regular writing after experiencing this honestly."
Review,"The Terror by Dan Simmons. Despite being an absolute tome, I was so engrossed that I could hardly put it down. The atmosphere that Simmons manages to capture in that book is unreal."
Review,Kite Runner and A Thousand Splendid Suns. Anyone with an ounce of empathy will be crying like a baby.
Review,"The Golden Compass. The title stood out since I was aware of the mid 2000s film (but didn't watch).
I began reading as soon as I checked it out from the library, around 2pm, and didn't put it down at all aside from bathroom breaks. Took me about 10 hours to finish, I noticed the clock was past midnight and I finally felt my hunger. To this day, no other book has gripped me so tightly."
Review,"Anything by Ira Levin. I’ve already read Rosemary’s Baby, A Kiss Before Dying, and finished The Boys From Brazil just yesterday. All of them were done in just one day (to be fair they’re not super long books). I loved all of them and couldn’t put them down.
He’s such a great writer and I love his use of the third person where he goes so deep into so many characters’ heads (not so much in Rosemary’s baby but the other two for sure). His books have good messages too, from what I can tell. Rosemary’s Baby was very feminist in my opinion. I loved how even though it had witches and devils and covens, it felt scarily real."
Review,"The Secret History got me out of a year-long funk where I couldn’t get into any books and was scared I would never enjoy reading again. From the moment I started it, I’d be thinking about it all day and rushing to get home so I could read more"
Review,The Terror. Sooo good. Reading it became all I did until I finished it.
Review,"The DaVinci Code. I know it gets a lot of hate on spaces like these. But I NEEDED to finish it. Then, I immediately needed to read it again, slowly."
Review,"In Cold Blood by Truman Capote, it blew my mind how captivating a book could be and is what got me back into reading after stopping in my teens."
Review,"Project Hail Mary. Still took me a few nights as I'm a slow reader, however, it kept me up hours later than i normally go to bed."
Review,I end up not finishing a lot of books and from time to time I think that I’m the “problem” for not being able to enjoy them. But then all of a sudden I find something that grabs me and I binge it. This summer that book was Project Hail Mary by Andy Weir. I was so invested and it was an amazing feeling.
Review,"Say what you will about Ready Player One, but it's one of the only books I've ever finished within 24 hours."
Review,"House Of Leaves is the only book that has ever given me nightmares. The introductory section framing what is to come and giving context to the footnotes as an integral meta-textual device to deepen the horror was fantastic. Unfortunately its last third crawled up its own butt and it ended pretty disappointing, but the first 2/3 of that book are incredible and were worth every minute.
Foucault's Pendulum was a banger all the way through, and the establishing scene of the protagonist hiding himself in the museum exhibit was great."
Review,"Cormac Mccarthys the crossing, it got me back reading after a long absence of not reading anything. It had sat on my shelf for a while and the beauty and intensity of the language just pulled me in and I couldn't put it down"
Review,Perfume by Patrick Süskind. I had a part time retail job as a student and started reading the book on my way to work one afternoon. Big mistake. I got so carried away I locked myself in the restroom and told my coworker I must have caught a stomach flu. I spent my intended three hours at work finishing the book.
Review,"The Final Girl Support Group by Grady Hendrix. I could only read it during daylight hours because I am a wimp when it comes to horror fiction, but even with that and having a full-time job and not running into a weekend, I finished it in four days."
Review,"The Fellowship of the Ring by J.R.R. Tolkien. My sister came back from college and tossed me a paperback, saying I might like it. I was sitting on the floor, opened the book and didn't get up until I was done."
Review,The Knife of Never Letting Go. I was HOOKED. I love the whole trilogy and read each book in like a day.
Review,"I'm usually a slow reader so the only one I can think of is a dance with dragons. The series was wet up very well up to that point. But they all were rough for me to get started, usually took months for me to find the motivation to read until about the 40% point, especially with a feast for crows and a storm of swords(both of which took me close to a year each to finish).
But once I got to dance the book just took me to what I think are the strongest characters of the series and managed to hook me fully. I finished it in about a week, which is impressive for anyone, but especially for me. I just couldn't get enough and it's even crazier because it's all setup, development, and dealing with the consequences of the past books. All things that tend to dampen the experience of most books and stories in general(at least for me). But it seems like those where the strengths of this book, asos(especially the ending) was one of the best pieces of story telling I've ever experienced and exploring the consequences of those events were infinitely intriguing along with the impending future events(that hopefully will actually happen) combined for someone special. Then throw in all the new characters, new perspectives, new factors in the plot and increasing complexity and it's a miracle that this book is even coherent. Safe to say that's the most I'll read in one week for a while."
Review,"I'm currently reading Cryptonomicon. Never read such an amazing way of writing. I am loving it, but only in small doses."
Review,"Battle Royale. Bought a big book for a vacation, finished it in one day. Reread it a couple more times before going home"
Review,"“The moon blew up without warning and for no apparent reason.” - the first sentence of Seveneves
I read that and finished the entire massive book three days later. I’ve reread it almost a dozen times and it’s still in my top three books of all time."
Review,"Stormlight Archives 1, The Way of Kings. Crushed a 1000 page book (mass market paperback) in a few days and immediately jumped into the sequel. Whenever Sanderson publishes the next in the series I don’t go out on weekends, don’t exercise, and don’t do any housekeeping after work. I curl up in my bed and read the book as fast as possible."
Review,"Negative space by BR Yeager
The less you know going in the better. One of the most visceral haunting books I’ve ever read with such unique prose and sharp imagery it burrows into your brain. Not a day has gone by since I read it where I haven’t thought about it and I guarantee it’s going down as a classic"
Review,"American Gods. Read it over 2 nights, staying up until 2am on the second night because I literally couldn't put it down."
Review,Eye of the world and the wheel of time in general. I loved reading as a child and then high school killed my enjoyment so I didnt really do it for a while. I just started reading again after like 10 years and read a couple books before eye of the world. Forgot how much I loved it and finished it in like three days. Finished the whole series in like two and a half months. An amazing time. Had a ton of fun with it.
Review,"Stormfront – Jim Butcher.
A lot of people think Dresden Files doesn't get good until the third book, but I was hooked from the first chapter.
Like... Harry's first scene is that he gets freaking dissed and mocked by his mailman, only to head out and help the police with something right from a horror movie. And then, things get worse when the mob AND black mages show up.
It's such a wild swing between levels of respect, both from & towards Harry, and it made me instantly interested in seeing more of this version of Chicago."
Review,"A Sand County Almanac by Aldo Leopold. This effing book is like a fairy tale about real nature. He was one of the very first taxonomists from the early 1900s and documents his days in the Wisconsin wilderness. The birds, trees, patterns of nature, rivers.
It's so beautifully written, like a love story to nature.
There's a scene in the book where he describes history through the tree rings he's chopping through. I can't recommend it enough. Especially if you're camping or swaying outside in a hammock during the evening."
Literary_Analysis,"This is such an interesting book because most people -who haven't read the book- assume the Whale symbolizes ""the thing we want most in life,"" while Melville wrote a scathing literary piece on Man's relationship with God."
Literary_Analysis,"The green light in the Great Gatsby. Situated at the end of Daisy's East Egg dock and barely visible from Gatsby's West Egg lawn, the green light represents Gatsby's hopes and dreams for the future. Gatsby associates it with Daisy, and in Chapter 1 he reaches toward it in the darkness as a guiding light to lead him to his goal."
Literary_Analysis,Wasps in The Shining. The past comes back to sting in the future. It can continually sting you unlike a bee stinger. Loved that symbolism.
Literary_Analysis,"The dog in The Curious Incident of the Dog in the Night-Time. Dogs love you and are loyal unconditionally, there when you have nobody, etc. Protagonist has no friends (no dog) and is misunderstood in life (accused of killing the dog). He is on a quest to find out what happened to the dog (be understood and loved)."
Literary_Analysis,The burden on Christian's back...ooohhhh so easy...In all seriousness - the turtle I suppose from Grapes of Wrath. Or the conch from LOtF. Or the gate to the law in The Trial. Or Quentin's shadow in TSatF. Or the One Ring. Or the Stone Table. Or Martello Tower in Ulysses. Or the cattle piston in No Country for Old Men.
Literary_Analysis,"The use of color in Beloved.
Fire in The Road and No Country. Snakes in The Road.
Really there are too many symbols/motifs to even begin naming them here. Analysis isn't hokey, or professors hallucinating things from the text and forcing them on students: there is a language to literature (and plays, screenplay, poetry…). :-D I would disagree that symbolism is ""so subjective,"" especially in context of the culture in which a work is written. Certainly, however, there is some degree of debate and discussion to be had about all texts.
I'd be curious to see a thread on things that authors didn't realize that they'd included, or didn't intend (biases, cross-cultural readings etc..)."
Literary_Analysis,"The brook trout at the end of The Road. They quite clearly represent a beautiful world destroyed by mankind, a world that can never be made right again."
Literary_Analysis,"In Oliver!, the recent one (2008 one) on the West End. Not a book, but. The Artful Dodger's costume. It made me envision his future - the clothes are like a cross between Sikes and Fagin's costumes, and they are far too big for him."
Literary_Analysis,"The cockroach in Metamorphosis by Kafka. There's a reason Samsa has turned into a cockroach and not, for example, a bunny."
Literary_Analysis,"The picture of her father, the General, in Hedda Gabler by Ibsen.
It's this ominous presence throughout the entire play. She's the daughter (product) of a general. She scoffs at the judge's (law's) position on everything as if the rules simply don't apply to her. The only real physical thing she does in the play is to give a gun to her ex-lover so he can murder someone. She is offended when anyone speaks about the future. Her eventual downfall comes from the judge finally having sway over her and everyone else ignoring her as their focus changes to their hopes for the future. She is war, the seductive product of a general. It's right there from the beginning, staring us in the face the entire time, and we overlook it every time."
Literary_Analysis,"The gun in that one book... it definitely symbolizes the loss of national pride suffered by the French as a result of two humiliating invasions by Germany during WWI and WWII, and the subsequent decline in the postmodern dialectic among the Italian Futurists. I mean, duh..."
Literary_Analysis,"You can argue where the line is blurred between reinterpretation and misinterpretation, but it's happened to a lot of dystopian fiction. 1984 was written as a pretty direct ""It Can't Happen Here"" style critique of the Soviet Union, and is now seen as a general warning on surveillance. Brave New World was written about how modernization and automation cause mankind to become alienated, and is now seen as about a complacent and empty consumer culture. Fahrenheit 451 was written about a complacent and empty consumer culture, and is now seen about the dangers of censorship."
Literary_Analysis,"The Smiling, Proud Wanderer by Jin Yong.
Back when it was written (1967 - 1969) it was considered by many as a political allegory disguised as a fantasy Wuxia novel. There were a couple of differing interpretations, some of which saw the characters as parallels to political players in mainland China, which was seeing absolute carnage. Other interpretations likened characters to international players, seeing parallels between novel characters and the US, UK, USSR and China.
Many of those parallels are now lost on modern readers. However, the book has remained ageless despite the immediate political allegories no longer being relevant. Jin Yong himself believed that politics is everchanging but human nature is intransigent, therefore books should talk about human nature and not the specifics of politics to stay relevant.
In this sense, The Smiling, Proud Wanderer is successful. While the political allegories are no longer pointed, its discussion of themes is still relevant today: destructiveness of political ambition, deceptiveness of public image, impacts of cults of personality, corruptive nature of power, role of an escapist pursuit of freedom in an environment of political deterioration etc."
Literary_Analysis,"My husband and I recently read The Prince by Machiavelli, and we both felt that the language used is more tongue-in-cheek. Obviously a Prince would regard themselves favorably with the boastful and flowery language that Machiavelli uses to describe them. Anyone of lower birth can just as easily read it as a pointed satire against the ruling class, and could use the information there in to anticipate the actions of a tyrant or a dictator.
So, did Machiavelli write a Dictators How-To or did he write a book to inform revolutionaries?
In my opinion, probably one of the best books you can read if you're interested in Political Science and a great way to see what's coming next. It's as if Tyrannical Leaders have been using it as a step-by-step guide."
Literary_Analysis,"Walden by Henry David Thoreau. Written as a sort of response to industrialization and is meant to highlight the beauty of distancing oneself from the ever evolving and forward-march of society and living life more minimalistically, without worrying about following every societal change and trend.
Nowadays, at least from the people I have talked to, it's looked at (incorrectly) as a wilderness survival guide, or a guide about how to live off the land. This interpretation is where many of the current criticisms of the book come from (he lived only a mile from town, his mom did his laundry, etc.)."
Literary_Analysis,"Shakespeare's Merchant of Venice is always a good one to explore, especially the character of Shylock who's meaning has changed so much since World War 2. Instead of being feared as the villain of the story, deeper meanings contrast and show empathy for the character (something I like to see more of - characters having both good and bad qualities about them). There's a really cool book by Howard Jacobson called Shylock is My Name - you should read that too."
Literary_Analysis,"I, Claudius' by Robert Graves changed the interpretation of Classic Roman history.
Before that, the commonly accepted view by most historians was of emperor Claudius as an idiot-king, as described by Edward Gibbon, who referenced Seneca as a primary source, even though Seneca was biased against Claudius. When the Graves book came out, there was quite a bit of fuss and controversy among the Classics historians about him re-writing history. After the fuss died down, the new view was grudgingly acknowledged.
(note: Edward Gibbon is actually really great. If you're interested in old Roman things, he's a very interesting author, I recommend his work... with a critical view, like you would with any great historian;)"
Literary_Analysis,"Doris Lessing's novel ""The Golden Notebook"" has seen a similar evolution. At first, in 1962, it was seen as a political book, all about Communists and Socialists and Capitalists. Then came the long stretch when it was seen mostly as a feminist anthem. But then in 1980s, most people began to focus on the theme of mental illness and depression, and many people read it as if it was entirely about mental illness, and some spoke of it as if it was devoid of politics. I can't think of another book that has seen such extreme swings in the ways people interpret it."
Literary_Analysis,"Several of Joseph Conrad’s books, in particular the Heart of Darkness. At first viewed as a kind of criticism of colonialism, now it’s pretty much acknowledged as inescapably skewed and Western civilization-centric (where the natives of Africa are viewed as lesser and savage) just as inescapable as the Shakespearean portrayal of Shylock is a racist."
Literary_Analysis,"The Bible. At certain points of geography and time it has and is regarded as factually accurate description of the creation of the Universe and key events in human history, but more broadly it is generally seen as a web of lies spun by knaves to make a trap for fools."
Literary_Analysis,"I'm gonna get roasted for this : The Bible.
Proof : the first seven eucumenical councils, leading to the Schism of 1054, all fourteen following eucumenical councils, the Protestant Reform, and various large scale heresies (Catharism for example).
I swear I'm not an edgy teenager though."
Literary_Analysis,"Animal Farm and 1984. But not for the reasons you think. Orwell was actually a socialist. He fought with the rebel communists and anarchists against franco in spain and attended communist party meetings in britian. He refers to himself as a ""card carrying communist"" in his book ""Homage to catalonia"". He was a prominent member of the ILP (a marxist/socialist party). His books are frequently mis-analyzed in the US as being anti-communist, but they are really just anti-stalinist."
Literary_Analysis,"I like that in the afterword of the Penguin classics version he writes about how people misinterpreted it and did not want to read it because of the obscenities that did not exist and were just afraid of the premise that is the rape situation. Although he also talks about how he wrote a novel that did not have any deeper meaning than that, which I think we all must disagree with, he might have just been too wrapped up in the story himself to actually realize what he had written... Oh good old Nabokov."
Literary_Analysis,Lolita. That book has so many hidden symbols and the whole hidden character of Clare Quilty is so mindblowing.
Literary_Analysis,"Discworld novels by Terry Pratchett. On the surface, they're hilarious satire. On a deeper level, he often addresses topics relating to technology, psychology, human nature, and contemporary issues in society, such as racism, war, and gay rights. George Orwell's books are much deeper, but someone else already mentioned his works in this thread."
Literary_Analysis,The Metamorphosis is actually about our immediate distaste for a man if he does not assume human form. Sort of a critique of the shallowness that besets society and its alarming pervasiveness.
Literary_Analysis,"When you read The Chronicles of Narnia as a kid, you don't take in that it's allegorical. It just comes across as a great fantasy yarn."
Literary_Analysis,"I don't know if the audience it's marketed to would get it, but I found the symbolism blatantly obvious, yet trenchant:
The Hunger Games series-- especially the final book (Mockingjay) its the frustrating end and the feeling the reader gets as she scrapes her mind for a way it could've ended better--that's the satisfying clatter of the dystopia slam dunk.
I read the Hunger Games series this past week after a marathon of Dystopia: Brave New World, Fahrenheit 451, The Handmaid's Tale, Lord of the Flies-- it stood up to the rigor- which i didn't expect."
Literary_Analysis,Hundred Years of Solitude- I had a comp lit prof who said it was an allegory for the history of Latin America. Im not well-versed enough in said history to know if this is true or not
Literary_Analysis,"Dune has some philosophical arguments that kind of agree with Hitler in some things...
"
Literary_Analysis,"The Hunger games being a criticism of American consumerism. I realized it halfway through the 3rd book, WHERE I SHOULD HAVE STOPPED."
Literary_Analysis,I think a lot of people read The Picture of Dorian Gray as being about good and evil instead of aestheticism and the bourgeois influence of moral art.
Literary_Analysis,"Ray Bradbury said his famous Fahrenheit 451 story is NOT about government censorship but about ""television destroys interest in literature."" Yet even in school we were told this book is about government control and censorship. I even remember Tolkien hating his LOTR being compared to ww2 as an allegory to the nuclear bomb being the One Ring. So what book do you know of that people completely miss the mark (I say completely because stories can have meanings other than what the author intended but some are so out there)"
Literary_Analysis,"The big one I think of is Watchmen, which I know is a graphic novel, but Watchmen was meant to deconstruct aspects of the superhero / comic book genre. People generally take it at face value and hold it up as one of the best representations of the very thing it was critiquing. For example Rorschach is supposed to be viewed as mentally unhinged & even reprehensible, the zealot who takes his ideas too far, whereas he was received well and became somewhat popular. It also influenced the genre heavily - it's been said that most of comics since Watchmen is trying to be Watchmen which is inherently strange."
Literary_Analysis,"Another one I'd say is the Great Gatsby. People 'know' that the depiction is a critique of roaring 20's culture, but I feel like the critique is taken at face value and held up as fun or flirty. I would argue that idolizing what Fitzgerald critiques is a misinterpretation or at least misuse of his perspective, and to clarify I don't think his intent is to be curmudgeonly in regards to 'big parties are bad'. I see it more as 'what depressions and anxieties are hidden behind the performative pressure to be 'happy'', and should those be understood or examined as part of the human experience, do we destroy something in ourselves in chasing those normative constructs, among other things (very crude distillation so apologies for that)"
Literary_Analysis,Fight Club and how it's been co-opted by groups who misinterpret it with them idolizing Tyler Durden as an alpha male and the story being a totally masculine story.
Literary_Analysis,"If I recall correctly, Upton Sinclair’s The Jungle was intended to highlight the plight of lower class workers,but the scenes of men falling into sausage-making machines led people to think it was about food safety, and led to agitation for food-making regulations rather than an increase in wages as Sinclair intended."
Literary_Analysis,"Gulliver's Travels when you read any of the kids' versions: a fun tale where a man is first shipwrecked in a land of tiny people, and then in a land of giants, and hijinks ensue.
Gulliver's Travels, original flavour: 50% misanthropic satire in which every aspect of society is skewered in turn and the most morally admirable characters are horses, and 50% absolutely corking sci-fi that would not disgrace HG Wells."
Literary_Analysis,"It's like the scene in 'Back to School'.. where he gets Vonnegut to write a paper about Vonnegut, and the professor knows he cheated and says 'furthermore, whoever DID write this paper doesn't know the first thing about Vonnegut!'"
Literary_Analysis,"Amy Tan books are full of descriptions of delicious meals. While English class might delve deeply into the symbolism of the three pork buns or noodles, Ms. Tan explicitly clarified that all good descriptions were so she could expense her meals out as “research”."
Literary_Analysis,"It's a poem rather than a book, but Robert Frost's ""The Road Not Taken"" is not about being independent and not following the crowd. It's about the ways that small decisions change the course of our lives, the total inability to see where those other decisions might have led, and the narratives that we assemble post-hoc to help us believe we made the right choices despite not knowing."
Literary_Analysis,Dune is frequently referenced as a white saviour story when its intent is almost the exact opposite.
Literary_Analysis,"Brave New World seems to have a similar misunderstanding to Fahrenheit 451, people seem to think it's about government control when it's about the dangers when society doesn't think for itself, and how we seem to be drawn to immediate pleasure when left on our own without thought or reason."
Literary_Analysis,"Frankenstein. People think it’s a parable of technology run amuck, but it’s more about the responsibility of a creator to his creation. Victor to his monster, and by extension God to humanity. (This is a vast simplification but I believe it to be true)"
Literary_Analysis,"Not a full book, but The Tortoise and the Hare. The moral isn't slow and steady wins the race, it's don't waste yourself by sleeping through life and assuming you'll eventually be a winner. In Aesops fables you are always supposed to learn from the arrogant animal. The lion who spares a mouse as a joke then gets saved by the mouse. The fox who can't reach the grapes will just insult them as spoiled. The other fox who thinks he's funny serving a crane a meal on a flat plate, until the crane serves him a meal in a vase. Etc."
Literary_Analysis,"Lord of the Flies by William Golding. Sure, all the Hobbesian symbolism is there, but Golding's main intent was to show how boys in the British empire emulated the racism, classism, and destructiveness of the adults around them.
It's an anti-imperialist read. Many readers forget that, or are too young to realize it when they're assigned the book for school."
Literary_Analysis,"Lolita. People read it as a glorification of pedophilia, but Humbert Humbert is SUPPOSED to be monstrous, but because he is the narrator, his monstrosity is all subtext. It doesn't help that all of the film adaptations miss the point."
Literary_Analysis,The Giving Tree. The history of all of the groups that tried to have the book banned over the years is evidence enough
Literary_Analysis,"Hemingway said about symbolism in The Old Man and the Sea: “There isn’t any symbolism. The sea is the sea. The old man is an old man. The boy is a boy and the fish is a fish. The sharks are sharks, no better no worse. All the symbolism people say is just sh**. What goes beyond what you see beyond when you know.”"
Literary_Analysis,"lord of the flies... it's taken/taught as a commentary on human nature as a whole, when i think there's a better argument to be made that its more specifically about british upperclass boys-- a response to cute and wholesome boarding school stories that were everywhere at the time"
Publishing_and_Book_Info,Blacktail by Scott Hawkins released today!
Publishing_and_Book_Info,American Hagwon by Min Jin Lee will be released this month and I can't wait!
Publishing_and_Book_Info,"The big release for me this month is The Rouse by China Mieville.
Big in terms of I love China and also it's 1300 pages long!"
Publishing_and_Book_Info,"I am looking forward to the third installment of How to Survive Camping: The Ancient Things by Bonnie Quinn. I maintain that cozy horror is not a thing, but whatever you call a level of horror on par with the 90s Mummy movies, it's an oddly entertaining series."
Publishing_and_Book_Info,"Hi everyone! I'm excited to share my children's book, Where Chocolate Grows.
This story introduces young readers to where chocolate comes from while exploring culture, family traditions, and curiosity through storytelling. The book is written primarily in English with Spanish words woven throughout and includes a glossary to support learning and cultural connection.
Inspired by my family's roots in Mexico, I wanted to create a book that helps children better understand the journey of everyday foods and appreciate different cultures.
I'd love to hear from fellow readers and authors: What are your favorite children's books that teach kids about culture, food, or where things come from?"
Publishing_and_Book_Info,"My Book ( Warm Lights in Winter by Hazel Stagg) came out on the 1st of September
When Oliver, a lonely café owner in Adelaide, is magically transported with his service dog, Lucy, to snowy Niseko, he slowly builds a life there. He becomes friends with Minato, an overworked hotel manager who seems determined to take care of everyone except himself. Emiko, an aspiring manga artist struggling to follow her dreams, and Thy, a magical anthropomorphic being with tiger-like ears.
Warm Lights in Winter is a heartwarming story about physical and mental health, LGBTQIA+ relationships, and found family. Perfect for readers who love magical realism, cosy atmospheres, and slice-of-life storytelling.
For fans of: The Lonely Castle in the Mirror, The Miracles of the Namiya General Store, The Passengers on the Hankyu Line, and Yeonnam-dong's Smiley Laundromat."
Publishing_and_Book_Info,"Raggedy Anthony by Andrew L. Huerta, he's a new kid on the block but I really liked his debut novel, it struck a cord with me as I grew up in a very conservative household"
Publishing_and_Book_Info,I am releasing my debut novel Margin Walker (by Timothy Bonner) on September 30th.  I'm so excited.
Publishing_and_Book_Info,"I’m the author of An Easy Guide to Human Husbandry, a new five-volume extreme dystopian/body-horror series published as Elle Achette.
The books are designed to look and read partly like agricultural manuals from a near-future society where consenting adults can legally become regulated human livestock.
Each volume contains shorter interconnected stories that can also be read individually, covering increasingly extreme branches of the industry, from human dairy production and reproductive stock to companions, labour stock and, eventually, processing.
The part I had the most fun with was making the world itself completely convinced that all of this is reasonable. There are contracts, welfare regulations, medical oversight, corporate advertising, agricultural fairs and government standards. Nobody thinks they’re living in a horror story.
Definitely not for everyone, though. Content warnings include body modification, loss of autonomy, dehumanisation, medical procedures, reproductive horror, forced dependency, violence and other extreme-horror themes.
The series is An Easy Guide to Human Husbandry by Elle Achette. Volume 1: Best Practices for Human Cattle and Milking Stock"
Publishing_and_Book_Info,"A YouTuber I've watched for ages is releasing her first fantasy novel this month. It's called Theodora's Tea Shop, by Christy Anne Jones. I feel like the way she tells stories means her world building will be top tier, so I'm keen to pick it up later this month"
Publishing_and_Book_Info,The Exquisite Torment of Loving Your Enemy (book 2 in the Dearly Beloathed series) drops next week and I'm sooo looking forward to it.
Publishing_and_Book_Info,"My book The Queen of the Enchanted Forest is out (Amazon and in KU). It’s a standalone romantasy, with a HEA. It’s also the first of a series of interconnected books, so if you like to see the main characters evolve past their happy ending, they have some cameos in the following books."
Publishing_and_Book_Info,"After tripping over every possible mistake, Out of the Wild by Cataleya Briella has finally stumbled its way onto Amazon. Small-town girl meets billionaire world traveler in this swoon-worthy romance filled with passion, heartbreak, and triumph! (HEA guaranteed!)"
Publishing_and_Book_Info,"Really excited to pick up A Trade of Blood by Robert Jackson Bennett on August 4th. It's the third installment in a biopunk murder mystery series, and his recently published short story The Lion's Tusk in the same setting is getting me hyped!"
Publishing_and_Book_Info,The Adventures of Tom Sawyer was one of the first novels to be written on a typewriter.
Publishing_and_Book_Info,"Frank Herbert's Dune was, after multiple rejections, finally published by Chilton's, publishers of automotive repair manuals."
Publishing_and_Book_Info,"Steinbecks final rough draft of ""Of Mice and Men"", was eaten/shredded by his dog, forcing him to write it again."
Publishing_and_Book_Info,"Vergil's the Aeneid, perhaps one of the greatest works in western literature, almost never go published. He worked on it for over 10 years. Vergil suffered heatstroke and died. On his deathbed, he asked his friends to burn it. His friends refused, and later the Emperor Augustus ordered it published."
Publishing_and_Book_Info,"In 'One Flew Over the Cuckoo's Nest' its author, Ken Kesey had written large portions of it while working in a psych-hospital. Also, he said he threw a lot of them out but he had written some of passages from Cuckoo's Nest on LSD. Always thought it was a cool read to try and figure out what passages written under the influence had stayed. If I had to guess, it's the description of the fog from the narrator."
Publishing_and_Book_Info,"Stephen King threw the manuscript to Carrie in the bin.
It was his wife who took it out, uncrumpled the pages and convinced him to tidy it up and send it to a publisher"
Publishing_and_Book_Info,"The Hunt for Red October was published in October 1984 and sold 45,000 copies by March 1985, entirely respectable. Then President Reagan said that he'd been given a copy for Christmas and that he really liked it and it was ""unputdownable,"" after which it shot to the top of bestseller lists and Tom Clancy no longer had to sell insurance for a living."
Publishing_and_Book_Info,"Golding worked as a schoolteacher in an exclusive British school for the sons of wealthy families, so Lord of the Flies was never meant to be a universal story about the human condition - it was specifically about the little Tory bastards he was forced to teach."
Publishing_and_Book_Info,Sonya Tolstoy copied her husband's manuscript of War and Peace eight times...by hand.
Publishing_and_Book_Info,"The first Harry Potter book also only made it into print because of how much an 8 year old liked it. The book had been rejected by every major publisher when it was sent to Bloomsbury, a nice publisher in London. Instead of reading it, Nigel Newton, the head of the publishing company gave it to his daughter. According to The Independent,"
Publishing_and_Book_Info,"Charles Dickens had a pet raven named Grip. He immortalized him as an ornery, talking pet and companion of the main character in his book Barnaby Rudge. One American writer was a huge fan of Dickens and was greatly inspired by Grip when writing his own most famous work. The author? Edgar Allen Poe. The work? The Raven."
Publishing_and_Book_Info,"Alice's Adventures in Wonderland started from a story during a boat rowing with Carroll, a friend of his, the ten year old Alice and her two sisters. It was one of several fanciful stories he made up during for her, and this was the first she asked him to write down after for her."
Publishing_and_Book_Info,The original working title for War and Peace was All's Well that Ends Well
Publishing_and_Book_Info,"Gabriel García Márquez was broke broke when he wrote One Hundred Years Of Solitude (or so he said) to the point where he recalls having to initially send only half of the book to Argentina, where it was first published, because he could not afford to send the whole weight of the pages. According to him, he had to sell the last of his family's valuable possessions (an iron, I believe) so he could send the other half, which made his wife livid."
Publishing_and_Book_Info,Mary Shelly wrote frankenstein at the age of 19 on dare.
Publishing_and_Book_Info,"It's probably more well known now, but Asimov's Foundation trilogy won the one time Hugo award for Besyt Series. Asimov himself thought the award was created to honor The Lord of the Rings trilogy."
Publishing_and_Book_Info,"Apparently the reason goblet of fire ended up being so much longer than its predecessors was because after finishing it, JKR quickly realized a massive plot hole and spent ages expanding the plot to fill it in."
Publishing_and_Book_Info,"The Codex Alera series by Jim Butcher was born from an argument about whether a good premise would lead to a good book even with a bad writer. And conversely, a skilled writer could take a terrible concept and craft something good. Butcher was challenged to write a good book with a random terrible prompt from someone else. He upped the ante by saying he'd take two terrible ideas and use them both. And he did. And I really liked the resulting book series. I didn't even know about the origins until after reading them. Just in case anyone else wants to remain in the dark until after, I'll try to add a spoiler tag (never done it before). The ideas were Lost Roman Legion and Pokémon"
Publishing_and_Book_Info,"Neuromancer the novel that pretty much defined cyberpunk, the source of so much internet culture and technology was written by Gibson on a typewriter and he had no experience working with computers before."
Publishing_and_Book_Info,"Stephen King hated his first novel ""Carrie"". He threw it away in the trash. His wife saved it and made sure it was published."
Publishing_and_Book_Info,"Many people know that Dante wrote the Divine Comedy in exile, but few know that Machiavelli also wrote The Prince in exile. In fact, it wasn’t published until after his death. The book was also originally dedicated to Giuliano de’ Medici, who might have been Machiavelli’s lover."
Publishing_and_Book_Info,"Robert Gottlieb, an editor at Simon & Schuster, published Catch-22 but passed on A Confederacy of Dunces."
Publishing_and_Book_Info,"Bret Easton Ellis sued the makers of Zoolander for copying the idea from his book ""Glamorama"" and won"
Publishing_and_Book_Info,"When Terry Brooks wrote The Sword of Shannara, he intended to kill off almost all the characters. His publisher asked how a could a sequel be made if all the characters were dead, so he changed it. The sequel only has 2 characters from the first, and one was only in passing."
Publishing_and_Book_Info,"The Expanse started off as a tabletop RPG like D&D or Warhammer 40K. Ty Frank, a personal assistant to George R.R. Martin, created the game and his later co-author Daniel Abraham was so impressed by the amount of research and world-building he suggested they write a novel from it. The plot of the first novel, Leviathan Wakes, was partially based on a playthrough of the RPG, and the reason a certain character dies near the beginning was due to the player of said character having to leave the session."
Publishing_and_Book_Info,"I have one! When Philip K. Dick wrote The Man in the High Castle, each time a character consults the I Ching to make a major decision, he used that to decide what to write next. So in a way, the outcome of the book was up to chance."
Publishing_and_Book_Info,"Sherlock Holmes & Dr. John Watson where originally going to be named Sherrinford Hope & Ormond Sacker.
Thankfully, Sir Arthur Conan Doyle changed his mind."
Publishing_and_Book_Info,Copernicus did not publish his book De revolutionibus orbium coelestium (On the Revolutions of the Celestial Spheres) until shortly before his death. He was afraid of the Catholic Church reaction.
Publishing_and_Book_Info,Gloria Steinem famously crusaded against the publication of American Psycho only to later marry Christian Bale's father.
Publishing_and_Book_Info,Ian Fleming wrote only one other book besides his James Bond series: Chitty Chitty Bang Bang.
Publishing_and_Book_Info,It’s debatable if Homer was even an actual person or not. It is generally agreed upon that The Iliad and The Odyssey were written by different authors.
Publishing_and_Book_Info,"For the original printing of Alice's Adventures in Wonderland, the illustrator, John Teniel, did not like the quality of the printing, so Carroll found a different publishing house and had a new printing of 2000 books to replace the inferior ones. He financed the entire reprint, at a cost of 600 pounds, himself."
Publishing_and_Book_Info,Mickey Spillane bet a friend that he could write a book in which the final line would be the big reveal to the story. He did and it's called Vengeance is Mine in case you want to cheat and look up the last line.
Publishing_and_Book_Info,"Everyone who has read A Confederacy of Dunces knows this story because it's in the foreward, but the author John Kennedy Toole tried to get it published and couldn't and eventually committed suicide. But his mother found a copy and hassled a local publisher to read it and as he tells it:"
Publishing_and_Book_Info,"The Meditations by Marcus Aurelius, was a dialogue written by the stoic philosopher and emperor of Rome to himself, I guess you could say as a journal and reminder to strengthen his resolve facing troubled times in his reign. He never intended it to be published and if it were not by the graces of one of his stewards, assistants, or son in law, having found it after his death, kept and preserved it."
Publishing_and_Book_Info,"The guy who wrote a Seroes of Unfortunate Events, Lemony Snicket (Daniel Handler), played the accordion for the Magnetic Fields for some amount of time. Loved the books as a kid, and I’ve always loved the band. Love this fun fact"